item-10.jpg,dab,2379.93467,942.06652,-682.5865,2393.61013,881.28326,-689.32004,2411.05354,870.43065,-689.4673,2429.31308,859.05041,-690.09481,2356.50751,905.76395,-595.20662,2346.40733,912.03879,-594.36765,2336.27302,919.2347,-593.69135,2514.94606,849.37753,-451.38686,2376.43344,930.10382,-3.27912,2460.41599,970.41171,-579.68105,2412.48376,999.16583,-449.27157,2915.32401,1064.97592,-203.32051,2297.78779,1156.3228,23.39077,3422.43454,965.62325,-644.81618,2204.55863,1227.35567,-415.42238,3956.13382,835.17334,-1177.77522,2421.25804,1062.82161,-1057.34853,4124.75484,761.4323,-1249.51653,2517.61354,1044.2339,-1270.57733,4125.04827,773.35277,-1433.17924,2514.08011,1002.47823,-1319.22935,4050.58263,815.44395,-1287.52597,2507.42281,1021.63869,-1103.28406,2819.19394,2102.71921,-257.05846,2437.02268,2135.0847,261.36251,2861.31637,2900.50363,-362.72647,2380.77475,2914.50068,416.79105,2945.24029,3617.23042,292.40262,2370.91844,3578.03943,1280.38684,2964.86674,3719.6084,332.01863,2435.62053,3679.90206,1343.86818,2885.35818,3861.04688,-214.38652,2188.45171,3823.76616,866.3216
item-11.jpg,dab,1974.2333,917.17753,-1561.8178,1975.08494,823.83883,-1483.23051,2004.36346,808.66268,-1482.87158,2034.08693,793.13016,-1482.49709,1895.86113,860.49281,-1485.25734,1863.94237,871.88823,-1484.83483,1832.21202,883.72508,-1484.45415,2079.30735,798.31939,-835.86995,1800.49434,921.5036,-794.49765,2058.09295,951.13016,-1306.18009,1948.25123,998.70209,-1289.27177,2375.0423,1041.23966,-324.50264,1759.80006,1248.28063,-623.70679,2790.434,1166.09371,-543.40154,1894.09069,1709.92366,-1319.54726,3110.71654,931.61271,-1313.95933,1860.04683,1272.06386,-2417.18345,3241.28064,839.67491,-1504.52679,1847.2332,1149.30982,-2660.2269,3212.95945,828.14777,-1608.19621,1803.21949,1062.67264,-2667.22551,3148.98926,874.49636,-1399.73667,1835.34304,1100.87907,-2461.02512,2359.16371,2062.86875,66.84561,1986.0541,2118.37483,-63.45784,2460.87098,2702.17592,-968.88684,2069.36723,2781.50436,-817.10208,2566.33079,3302.11475,161.65405,2035.43457,3414.04488,111.59519,2562.75442,3363.45341,234.16168,2031.15134,3487.96214,158.4633,2583.99524,3610.13197,-560.27301,2090.53318,3711.7522,-611.86942
item-12.jpg,dab,2591.4048,1015.24069,-1045.67321,2611.45653,916.8733,-984.53201,2640.46915,908.75405,-983.91276,2669.80905,900.44878,-984.00249,2530.73216,930.69092,-995.76459,2499.15637,931.62747,-995.60549,2467.41075,933.10972,-995.91804,2702.67606,891.14986,-343.31179,2424.89608,934.7905,-362.53689,2652.20682,1055.06689,-784.19117,2549.6658,1071.54003,-787.81923,2892.13273,1125.01176,245.29066,2299.94358,1181.14871,-182.8947,3203.35996,1269.33804,-163.81487,2266.63837,1591.54329,-900.02318,3302.93153,1064.37705,-1319.04988,2537.6449,1198.47468,-2008.57788,3359.61905,997.91338,-1577.32562,2629.15648,1103.38304,-2263.79073,3331.48806,968.5191,-1606.37196,2600.17248,1028.67552,-2229.96212,3292.35186,997.88643,-1383.52667,2603.01585,1066.20679,-2018.7872,2758.29338,2183.06906,78.09396,2389.41553,2173.23404,-75.15606,2711.37107,2982.60043,-60.25156,2337.77398,2969.89898,-317.90803,2695.9026,3644.45934,864.93831,2291.43093,3678.82263,434.97903,2667.21891,3725.44573,921.41972,2297.66159,3762.25653,467.73445,2731.81502,3918.93501,255.63032,2275.41279,3986.02512,-254.94324
item-13.jpg,dab,3076.84925,1332.38514,-1355.07598,3106.64498,1263.6921,-1326.1118,3124.41842,1267.07533,-1325.59611,3143.11093,1270.33374,-1326.0156,3053.82974,1249.623,-1374.74882,3030.89115,1239.9291,-1375.36814,3007.37343,1230.93907,-1376.94906,3136.13627,1271.23271,-870.35593,2942.2791,1215.69009,-1079.70041,3080.29213,1382.97206,-1159.9349,3011.64785,1362.51456,-1220.06061,3201.78853,1495.67233,-670.75882,2651.98221,1362.21858,-822.9533,3305.79555,1389.95097,-1042.27891,2210.97797,1340.68722,-1046.25062,2887.12613,1233.15398,-1818.30893,1821.2781,1105.75859,-1442.59748,2768.65285,1225.74675,-2068.01518,1699.16898,1020.0754,-1603.10979,2736.95154,1193.50411,-2042.97406,1720.53532,997.56558,-1730.00902,2774.9526,1215.78434,-1847.65998,1776.75765,1049.58313,-1522.12393,2845.47163,2423.49445,133.75737,2523.54417,2357.7051,-129.92195,2832.31338,2940.78086,348.40135,2447.25911,2908.33051,151.54976,2851.73064,3443.46486,1227.61565,2377.82815,3391.12149,1111.45973,2820.37946,3512.66798,1294.62396,2362.90965,3456.94036,1180.91491,2895.64828,3647.84298,797.67684,2364.64347,3584.61098,620.74919
item-14.jpg,dab,2730.33829,1324.9998,-1857.84315,2766.0561,1262.67627,-1834.67183,2785.36326,1265.9227,-1834.30574,2805.54325,1268.84633,-1833.94832,2713.08645,1249.5562,-1852.45009,2692.926,1241.22192,-1852.411,2672.05568,1233.6302,-1853.33049,2826.99877,1270.24971,-1337.98366,2632.65964,1220.64868,-1407.43085,2750.92813,1376.06108,-1645.54202,2685.29843,1357.7935,-1665.1938,2953.13568,1477.01803,-1163.14257,2355.8824,1336.50144,-1070.68288,2941.88411,1557.5855,-1819.49885,1848.1619,1332.39268,-1327.4055,2539.84776,1357.92492,-2796.35059,1342.10394,1227.96672,-1818.61102,2402.241,1351.0988,-3039.64286,1176.88395,1176.00305,-1931.3809,2408.83885,1281.50173,-3037.88234,1191.48151,1154.07878,-2114.26023,2447.38683,1303.33918,-2821.7483,1264.54362,1201.63358,-1914.50203,2682.13494,2453.95937,111.68648,2304.67851,2402.79248,-107.80318,2729.6229,3068.37322,44.44404,2200.61713,3061.1736,-128.16302,2747.52544,3617.41005,1111.96641,2111.73849,3641.12856,792.98444,2710.81781,3694.49622,1186.85738,2104.66804,3726.10231,845.46063,2803.09349,3859.1106,644.20147,2082.15375,3874.10366,140.97084
item-15.jpg,dab,3295.33617,1432.88145,-1846.61938,3332.86186,1382.18262,-1836.15559,3348.69008,1388.76428,-1836.41213,3365.35755,1394.97657,-1836.18614,3292.02156,1363.61484,-1848.01285,3273.99516,1354.14538,-1848.35995,3255.49477,1345.13542,-1849.87412,3364.13872,1420.8308,-1467.56854,3210.06598,1353.35398,-1513.40498,3298.45287,1494.51393,-1683.85039,3236.66573,1467.45907,-1698.27372,3375.63802,1728.67521,-1254.33155,2938.62153,1491.75114,-1123.57498,3267.87378,2020.82599,-1375.09646,2432.54071,1451.24236,-1273.96764,3005.88788,1878.01242,-2039.57508,1963.71997,1253.77976,-1504.05253,2918.24087,1856.53949,-2284.05467,1831.62022,1167.80204,-1571.1452,2930.7776,1760.49148,-2290.76441,1843.74242,1148.10331,-1753.08372,2953.43956,1775.0363,-2071.39255,1894.5238,1202.78227,-1596.63264,3087.60949,2534.94061,-33.41227,2824.17852,2449.60532,36.66775,2910.84727,3188.38915,-224.48658,2868.76117,3171.01961,-45.74442,2775.00407,3767.08216,450.76988,2930.05919,3809.13442,696.04457,2756.76655,3842.72469,488.75603,2937.0735,3886.29327,739.57906,2678.04135,3983.92077,-84.64644,2934.66199,4050.08754,125.45018
item-16.jpg,dab,2853.96158,1022.75694,-1064.04918,2914.98627,972.43657,-1006.40358,2937.32893,979.4577,-1006.04162,2960.45634,986.22611,-1005.94604,2858.16223,952.10325,-969.11991,2839.34282,942.41524,-969.10106,2819.91097,933.39992,-970.11963,3004.11057,1011.86242,-458.01158,2803.9399,936.10076,-299.25215,2884.49856,1091.71034,-854.92669,2810.5449,1062.40598,-812.10876,3148.08588,1306.39226,-387.60288,2524.12909,1147.41453,54.54871,3140.04653,1642.60499,-1270.3892,2063.4143,1201.83716,-709.72223,2800.42105,1248.35258,-2257.13302,1688.76547,937.72134,-1868.95241,2671.34855,1170.07828,-2467.86106,1550.18982,853.50466,-2118.50369,2704.33034,1089.45775,-2389.06981,1597.68136,824.6101,-2167.23677,2723.50537,1129.18546,-2242.14969,1671.15856,874.42647,-1938.96649,2911.6868,2354.17941,-38.02835,2506.8767,2304.09628,43.97509,2916.44044,3087.94126,-568.24688,2432.00149,3098.39445,-501.86901,2916.1894,3795.31783,338.61513,2419.09922,3823.5155,243.56086,2905.05565,3903.19618,402.81553,2443.28746,3925.71344,268.41036,2909.99949,4035.03419,-220.24293,2365.31509,4080.61421,-497.42709
item-17.jpg,dab,2473.36257,430.68423,-632.09021,2544.9595,369.82963,-621.19868,2573.96525,373.13182,-621.01859,2603.89915,375.98782,-621.06938,2479.35541,361.68582,-526.32215,2459.77492,356.749,-526.46284,2439.48786,352.43129,-527.58357,2688.32155,408.98232,-273.80982,2465.24202,370.34096,154.17987,2540.32945,507.69514,-494.63089,2455.07193,493.82528,-373.29207,2925.61962,759.7539,-272.45337,2245.81525,686.00605,425.74015,2852.16279,1135.87706,-1162.46696,1871.98378,915.54548,-285.36133,2534.37488,694.41941,-2003.25584,1434.45834,708.48738,-1494.95675,2404.06098,614.62538,-2153.35129,1280.11283,658.71065,-1730.3279,2457.6951,520.05678,-2118.3406,1318.57562,604.82835,-1765.34863,2478.9483,556.53542,-1989.57749,1396.73186,634.45919,-1564.27706,2771.42714,1918.96068,-70.50792,2334.25375,1927.93471,74.28843,2908.37907,2685.80632,-81.41854,2309.79081,2776.06015,-110.21428,2978.57963,3370.805,684.40483,2289.07256,3493.89858,605.298,2972.68479,3454.70222,731.75214,2308.3354,3575.72531,619.40945,2987.8535,3650.57582,109.24253,2293.07172,3787.94477,-142.55052
item-18.jpg,dab,2786.4819,811.62713,-1146.6492,2840.4543,760.06763,-1107.82968,2864.75347,760.82703,-1107.92203,2890.18063,761.26542,-1107.88796,2782.80064,759.21986,-987.15065,2766.92343,756.99685,-987.21815,2750.37624,755.72788,-988.00242,2973.61597,789.34917,-781.15546,2779.62724,775.13389,-211.57444,2851.10499,880.60386,-1029.0868,2781.30271,875.99183,-864.96948,3206.85762,1059.94795,-1073.8684,2552.71176,1070.98277,114.45633,2975.54385,880.19774,-2072.63863,2024.67599,1083.24443,-101.79262,2511.07791,706.40894,-2607.29716,1534.13644,911.11452,-902.76402,2397.14329,688.92348,-2878.65133,1402.58624,852.24148,-1079.10531,2381.52289,681.70016,-2807.01779,1418.91116,805.26516,-1241.56141,2415.2041,706.004,-2599.45021,1482.52131,841.94676,-1013.11751,2982.12931,2216.14315,-253.5028,2543.68508,2200.19166,256.80569,3018.10835,2976.77176,-326.0933,2447.09203,2976.58057,291.86412,3080.86879,3628.69779,759.27034,2449.72952,3571.30726,1617.1373,3087.6717,3716.30942,833.31132,2501.76385,3650.64437,1705.33798,3034.65608,3884.15175,120.34817,2353.73349,3831.71651,1031.24741
item-19.jpg,dab,2837.82369,892.61941,-1118.74826,2858.95001,832.97381,-1020.86551,2880.45012,834.62464,-1020.26153,2903.144,836.10008,-1020.13292,2790.60713,828.7456,-1068.64476,2761.39357,824.55265,-1069.06638,2731.82631,821.08802,-1070.36606,2895.11456,868.70559,-446.20303,2655.9533,847.29047,-614.46183,2859.69567,960.06372,-908.02647,2765.38145,950.47162,-957.87619,3007.46179,1151.3929,-305.43612,2353.53091,1060.50098,-468.0916,3275.15122,1044.09391,-973.96404,1812.52487,888.60263,-980.7227,2892.20623,820.5322,-1963.44072,1299.37952,479.28841,-1405.055,2783.4329,806.6849,-2242.62106,1147.14796,354.16936,-1479.04265,2731.5205,777.69051,-2160.67168,1175.43529,335.73526,-1631.57287,2764.09216,812.26285,-1974.00168,1247.82798,405.44814,-1488.61076,2781.69054,2191.54178,111.17483,2372.29582,2170.52887,-105.50179,2768.00793,2943.19058,-390.80946,2339.64929,3015.377,-464.90797,2736.14175,3668.81377,302.66462,2278.09542,3802.32915,61.2692,2688.63644,3769.79849,342.94529,2251.45824,3894.19778,70.86346,2845.70643,3916.04319,-260.72876,2377.85898,4104.76465,-671.77217
item-2.jpg,dab,2040.27409,1452.62117,-1776.18127,2077.11302,1380.8322,-1739.18283,2103.80594,1374.17807,-1738.57053,2131.17185,1367.30044,-1738.36808,2015.75197,1396.37427,-1665.36638,1995.01225,1399.83998,-1665.15801,1974.00237,1404.06437,-1665.19421,2215.02435,1381.50623,-1287.76613,1999.30236,1427.90211,-943.33299,2123.56713,1503.59398,-1593.0231,2042.1717,1521.00492,-1491.08847,2515.50262,1643.09701,-796.10342,1886.98142,1675.20368,-760.2338,2990.79817,1710.54586,-1059.07217,1572.96849,1773.36636,-1328.39628,3427.41637,1673.4971,-1745.69177,1819.11515,1608.09923,-2241.63675,3581.53645,1641.50367,-1869.76647,1904.77578,1581.95067,-2488.67992,3557.62815,1642.19174,-2023.93844,1942.97461,1536.28043,-2483.44981,3482.23821,1674.59325,-1838.32019,1937.09242,1568.68298,-2275.55496,2335.74123,2699.12677,-48.48659,1956.15708,2691.96947,53.21489,2343.00766,3316.71077,-151.13046,1927.91861,3366.90188,-98.39543,2344.53615,3854.91347,985.16826,1919.41807,3989.40504,769.22546,2318.99503,3939.57834,1066.38527,1938.18477,4077.84172,813.6731,2422.21262,4068.4692,456.07049,1896.69281,4233.31772,150.47075
item-20.jpg,dab,2591.28727,832.17084,60.83097,2643.37226,789.61722,198.5904,2667.6439,800.04207,198.59948,2692.87123,810.22551,198.00334,2576.53997,762.25772,166.82389,2549.33384,751.0905,165.70278,2521.68676,741.12438,164.26322,2703.95021,861.94069,851.34495,2471.47543,770.19728,725.44792,2608.7461,923.94935,288.29062,2512.15773,885.14611,250.86168,2733.07018,1226.43595,907.00356,2190.98419,1032.08713,553.12135,2869.08625,1176.66489,186.89985,1743.75659,798.30855,-132.63146,2661.77768,830.59754,-379.3946,1423.25908,350.1341,-702.1257,2609.3156,757.50471,-569.45332,1312.19715,200.18718,-831.89493,2566.68339,746.49581,-454.16046,1364.48624,183.87291,-820.10923,2576.38941,791.2949,-377.04134,1420.10631,259.47229,-735.80519,2426.08903,2379.46152,242.91311,2128.94367,2257.52645,-237.48228,1793.71634,3047.34049,-686.97811,1771.429,3016.68107,-1060.80345,1061.54347,3530.3497,-599.81307,1054.2268,3374.14941,-814.1303,952.3636,3583.40725,-597.3567,957.75046,3386.70096,-787.63453,856.81735,3736.7054,-1085.43155,786.70472,3643.38899,-1168.51691
item-21.jpg,dab,2708.76138,659.78636,-226.67327,2760.51854,610.05959,-93.57556,2788.48327,614.49809,-93.67923,2817.50305,618.50465,-94.06976,2678.51452,602.47764,-84.06654,2649.75348,599.39033,-84.44189,2620.36375,596.94098,-85.53735,2856.68935,670.2892,517.33369,2579.86807,636.24232,584.67608,2756.11998,747.12782,-20.71487,2649.32353,734.31699,-3.01654,3008.11524,1034.17692,378.16397,2291.70137,960.29208,682.98562,3090.79914,924.26525,-616.3114,1763.56334,848.86749,147.70962,2692.09666,664.40572,-1542.08055,1286.91959,587.63401,-519.25379,2571.92974,618.54419,-1816.23007,1159.53179,507.07748,-689.52999,2579.82816,599.30382,-1716.71451,1171.71839,472.41563,-786.4422,2613.9473,628.55739,-1550.99301,1234.5405,517.66813,-603.18982,2808.84658,2199.32303,-53.85951,2335.31155,2174.9333,60.68092,2818.57049,3096.47159,-322.18259,2248.30245,3081.91067,-258.96331,2900.88912,3871.04749,604.98421,2229.60429,3891.33941,616.5036,2906.73222,3978.01241,649.66134,2259.37042,3998.16022,635.34179,2890.0631,4117.64882,-70.03752,2175.27006,4167.22032,-201.64104
item-22.jpg,dab,2487.5478,552.8173,-295.84427,2569.29253,491.46728,-316.95214,2595.70896,494.35756,-316.81764,2623.01693,496.79938,-317.00079,2519.0256,484.19818,-155.20011,2507.02727,480.0859,-155.21646,2494.46191,476.73861,-156.33795,2729.20506,543.30376,-160.69742,2553.66029,507.16998,581.22715,2558.76626,640.63674,-235.99997,2488.17015,627.95068,-24.85042,2990.05113,980.15495,-242.52679,2353.64541,893.65115,924.63758,3033.85729,1496.26882,-1143.5007,1911.71536,1051.98376,314.12796,2806.20827,1029.67308,-1964.42999,1510.05059,748.88612,-804.33021,2705.16326,928.84404,-2121.75665,1378.34075,666.65145,-1051.64919,2767.06849,845.38877,-2079.18046,1417.27574,635.00763,-1066.71323,2776.10894,881.3676,-1949.88569,1491.98469,670.00871,-881.75228,2838.85149,2177.98018,-294.1797,2443.26077,2193.11922,298.99572,2888.49084,3116.65366,-282.70234,2467.03172,3089.96962,194.62574,2939.54748,3956.31691,551.74897,2529.18083,3897.09332,1002.70781,2965.03768,4072.58829,617.33989,2568.22564,4011.64067,1032.61081,2863.32187,4207.21406,24.80839,2488.5288,4135.42717,305.19039
item-4.jpg,dab,2261.92258,1604.33506,-1601.04373,2238.39137,1513.25432,-1579.74153,2258.38473,1493.37772,-1580.0088,2278.98407,1473.22248,-1580.63225,2187.63063,1556.64988,-1576.80057,2163.27765,1569.61034,-1576.41081,2139.17501,1583.44686,-1576.66859,2320.9108,1452.96587,-1159.75804,2115.14944,1605.16012,-1112.66514,2337.68177,1620.29317,-1427.49882,2263.50735,1676.51519,-1408.21203,2664.40939,1609.88303,-813.22843,2068.43233,1871.16937,-998.09709,3132.71045,1529.56828,-811.19829,2134.12203,2113.70468,-1136.75037,3588.88189,1387.20244,-1230.36654,2191.73261,1927.1524,-1595.34404,3730.59296,1326.3815,-1346.52397,2237.97174,1908.13626,-1801.46887,3711.20185,1312.49181,-1500.12272,2222.80124,1820.46352,-1890.55821,3641.41719,1367.00797,-1332.17868,2237.10772,1825.43987,-1665.17467,2682.94694,2775.04328,-23.3937,2333.4935,2850.56379,28.53974,2623.84572,3301.59052,778.84284,2335.76737,3383.15152,770.63834,2540.31459,3736.22804,2031.29282,2324.90309,3821.96243,2093.48212,2507.66173,3805.77019,2145.69042,2336.01951,3884.17281,2210.24786,2586.54904,3957.61024,1812.21053,2350.95811,4052.72087,1802.48539
item-5.jpg,dab,2450.21919,695.89495,-1011.94514,2452.83356,605.36394,-1014.76725,2475.95877,593.72633,-1014.86634,2499.90726,581.73014,-1015.33586,2393.70316,630.27863,-980.82014,2369.17966,635.98083,-980.9235,2344.68203,642.48155,-981.27307,2551.02446,573.49063,-661.67055,2329.14035,656.99003,-491.11999,2523.04238,731.08671,-856.94114,2439.91312,761.31822,-803.35561,2927.1481,832.0707,-318.07394,2189.63696,975.01064,-364.8898,3367.9887,833.25915,-486.29695,2147.1816,1367.10305,-711.326,3826.75936,677.54912,-1026.95372,2307.72901,1181.52273,-1755.3525,3972.06801,610.98706,-1109.15269,2378.64455,1171.66056,-1994.91302,3975.27252,608.35518,-1263.06867,2387.87989,1084.22207,-2092.39018,3900.38657,653.02528,-1125.75169,2407.79398,1095.62822,-1814.44463,2855.48125,2113.17611,-74.56645,2399.24156,2142.40593,79.39829,2827.88124,2942.78507,-24.53251,2315.56591,2919.66595,139.73722,2795.87192,3657.85597,749.57581,2249.00242,3598.52791,925.66504,2769.75304,3754.18643,802.02916,2271.73856,3692.46084,981.30191,2815.29028,3952.69748,251.95188,2165.40206,3892.92138,444.7563
item-6.jpg,dab,2065.66506,903.34432,-2410.40587,2092.8277,804.40758,-2401.25532,2121.77275,790.81635,-2400.75848,2151.4958,776.89095,-2401.32633,2021.55006,834.70537,-2308.06881,1996.26686,842.44321,-2307.33155,1970.89764,851.31458,-2307.22048,2236.13139,767.84992,-1963.28507,1985.54543,864.395,-1505.53642,2162.48973,939.0346,-2223.88065,2065.32815,975.70076,-2084.43754,2620.55065,1037.03881,-1478.78983,1899.6906,1124.22738,-1089.19737,3168.95318,915.44369,-1677.94357,1634.54355,1022.36774,-978.45922,3672.97179,887.05111,-1983.84615,1956.81549,815.57671,-909.94121,3831.5898,853.6589,-2051.33395,2075.8869,790.86756,-960.91245,3806.52074,874.66804,-2211.28392,2095.52436,772.47506,-946.78048,3738.91004,907.96451,-2073.21652,2078.2973,803.94189,-916.98669,2492.93755,2215.95382,-236.24154,2065.50555,2227.47756,238.95024,2515.40298,3055.10109,58.87522,2030.95963,3024.73734,386.09157,2581.51987,3641.66042,1204.71628,1998.83635,3699.22853,1294.75002,2594.06293,3722.50849,1290.42729,2037.71643,3795.35829,1356.08052,2578.87028,3909.07894,695.94899,1890.63831,3983.13371,784.64506
item-7.jpg,dab,2077.51365,1184.72581,-2268.8455,2112.60375,1094.08299,-2256.69756,2142.75854,1084.26708,-2256.09985,2173.31617,1074.0919,-2255.99002,2042.04453,1111.96127,-2188.86212,2016.69347,1114.02092,-2188.31133,1991.52918,1117.07926,-2187.76784,2255.73362,1060.13212,-1792.68193,2002.20863,1117.45009,-1460.85344,2163.52469,1219.83952,-2070.49371,2070.76057,1238.93082,-1969.62032,2576.65448,1224.44289,-1257.03166,1889.55299,1343.80337,-1233.59321,3055.90406,1061.30095,-1413.87153,1671.10185,1331.03947,-1861.07656,3526.2365,919.53119,-1765.38208,1871.70646,1151.06524,-2812.75023,3672.59414,855.05583,-1862.79208,1944.77119,1130.80852,-3068.31527,3660.52369,863.33431,-2026.82214,1967.47306,1097.49358,-3078.15203,3593.21301,911.0627,-1867.81368,1970.83791,1119.07346,-2862.05488,2490.07959,2275.26226,-97.94682,2084.1221,2314.17348,102.29803,2541.72747,2973.81366,-27.97811,2110.9675,2981.21811,87.57955,2569.68449,3535.43383,970.71893,2134.80714,3540.06579,1126.48497,2551.91435,3609.4564,1042.78098,2173.08771,3615.24748,1200.14748,2612.28807,3787.5182,491.49825,2081.04393,3786.81042,736.99952
item-8.jpg,dab,2500.49245,838.6664,-318.13597,2499.6433,782.28597,-240.2698,2521.41123,769.80782,-240.1643,2543.84225,756.98224,-240.2486,2435.63209,818.30496,-238.20181,2412.06042,831.08976,-238.17633,2388.80171,844.40102,-238.67958,2587.45463,769.99442,178.14538,2369.80917,892.00083,200.21137,2574.17334,872.66869,-155.72612,2491.23318,917.75245,-146.70399,2866.65107,956.62145,339.63856,2288.71996,1116.71175,67.46703,3152.34654,583.40105,28.43944,2029.52005,1037.36576,-898.10514,3428.24103,227.76854,-379.18685,2390.96273,773.04585,-1638.62887,3522.9929,123.77782,-526.79686,2495.19959,734.0062,-1817.2192,3485.74027,121.99102,-567.66176,2523.83044,713.09074,-1779.99065,3445.85648,165.6903,-449.03155,2507.72861,749.90051,-1652.08592,2935.73796,1989.3539,-49.73778,2536.12412,2049.29765,51.81518,3076.25636,2765.53243,-247.44837,2618.11245,2808.30609,-172.33753,3233.93493,3501.25017,197.33053,2738.58022,3513.30185,358.67129,3237.14439,3591.52361,210.86265,2791.59584,3597.06693,383.13152,3254.72075,3785.20862,-350.78677,2681.24669,3799.2354,-132.01591
item-9.jpg,dab,2532.06219,670.12599,-1011.90041,2559.74891,596.75495,-1020.34652,2581.39243,588.47527,-1020.55041,2603.85125,579.73672,-1021.61723,2508.57777,614.1793,-936.94695,2493.56706,617.57894,-936.06779,2478.60148,622.12862,-935.97063,2680.36092,576.23622,-772.53745,2500.76991,630.52608,-376.63603,2610.17549,712.96789,-897.03812,2545.33853,732.63514,-781.48301,3073.25306,793.7311,-528.28932,2393.95695,916.83138,-297.44098,3596.16319,621.094,-787.84785,2327.9763,656.02251,-775.47201,4049.93441,409.50996,-1270.28721,2785.68834,546.18134,-1105.27842,4193.53813,324.9479,-1390.87156,2923.7066,547.56996,-1261.08478,4162.32072,332.69364,-1529.0386,2935.80292,550.16044,-1234.54435,4092.12428,377.66426,-1354.43932,2900.0006,572.9363,-1120.39676,3051.40585,1916.09817,-290.6412,2639.5776,2000.27681,293.38267,3112.02785,2759.72255,-261.08956,2688.03061,2801.52003,233.44225,3256.54349,3473.49351,386.47211,2757.52102,3492.91991,1033.31175,3304.0543,3564.76834,428.11291,2825.34284,3591.40716,1080.60573,3151.76273,3748.5151,-123.04277,2608.06622,3754.7121,602.47519
image_001.jpg,not_dab,1531.44349,1538.24582,-1492.6058,1584.87874,1477.45059,-1422.23981,1615.88998,1477.14924,-1422.02979,1647.37631,1476.51579,-1421.68311,1513.28318,1481.10532,-1346.5592,1488.0981,1482.59211,-1345.71596,1462.70122,1484.54594,-1345.86267,1726.26226,1524.84351,-984.90024,1471.02009,1532.31826,-644.88981,1609.09175,1614.177,-1333.94926,1503.11598,1618.15847,-1235.23303,1968.73483,1953.02129,-839.74642,1330.12102,1945.0249,-422.43194,2077.21528,2506.42538,-844.65035,1277.86276,2472.55039,-476.80577,2020.49721,2984.63189,-1312.31675,1317.67251,2892.4422,-1191.96155,2029.94532,3140.41553,-1493.04731,1312.05085,3033.40022,-1421.08746,1952.20705,3122.77407,-1586.11559,1378.67559,3013.91023,-1558.09829,1924.59175,3054.89235,-1336.85649,1414.64128,2953.56366,-1261.54032,1856.20346,2908.25557,-99.35425,1482.05806,2916.53606,106.04391,1887.48528,3466.10641,-502.12066,1535.99344,3530.97118,-207.5725,1879.29316,3988.39003,497.95383,1597.27371,4006.49213,948.48004,1874.83253,4071.705,577.80416,1613.54426,4078.9323,1006.60933,1894.38287,4210.63652,93.96715,1632.95024,4237.27493,472.44977
image_002.jpg,not_dab,2086.78449,1521.98152,-2153.60232,2126.345,1451.20261,-2019.89454,2158.57025,1449.84073,-2019.97272,2191.29853,1448.18546,-2020.11227,2038.08968,1456.13726,-2023.13195,2005.55407,1457.34232,-2022.24164,1972.87231,1459.00513,-2022.28127,2242.70901,1489.19628,-1232.71005,1937.20211,1502.15715,-1222.80297,2155.52539,1598.27206,-1855.43247,2034.00999,1603.83489,-1853.44472,2488.08427,1939.27118,-746.09213,1742.83793,1941.59976,-909.31975,2626.24236,2501.50787,-705.91416,1633.65351,2492.65669,-931.7816,2603.2812,2931.94289,-1998.18552,1663.95268,2920.35061,-1907.36139,2602.27597,3089.43796,-2314.32644,1650.12115,3073.97291,-2232.35064,2549.46652,3049.84002,-2500.66449,1733.84221,3050.78916,-2421.67891,2523.73795,2987.26542,-2094.28586,1772.81036,2989.2591,-2002.41411,2378.87935,3011.83417,0.96451,1932.39989,3023.89824,5.98652,2420.72763,3670.74386,-644.45952,1996.28764,3725.87313,-422.51235,2439.90927,4320.74228,683.58877,2062.0745,4352.61182,1016.89077,2448.03945,4412.9743,772.91029,2066.11138,4443.78547,1092.18884,2422.20602,4554.70101,-29.39229,2133.48702,4594.01381,236.30717
image_003.jpg,not_dab,2852.08902,1227.15539,-2068.08785,2885.30753,1173.95786,-1919.76737,2912.21694,1177.52102,-1918.27508,2939.56812,1180.8676,-1918.0034,2807.66464,1165.84119,-1941.68876,2777.52622,1162.28515,-1940.38584,2746.99557,1159.24353,-1939.76487,2958.60774,1217.83521,-1020.984,2687.92051,1191.91976,-1112.17271,2889.69949,1300.30355,-1732.42479,2782.20555,1287.60686,-1760.58742,3114.39008,1603.85595,-454.64708,2411.65277,1559.08582,-826.94806,3296.09174,2007.45496,-1007.45918,2297.55686,2040.8398,-1276.23615,3482.71963,2214.91176,-3161.82354,2319.23671,2377.70879,-2875.80851,3556.04764,2316.17563,-3553.15169,2301.13447,2507.60288,-3229.53692,3507.01274,2285.60127,-3738.33063,2387.39131,2484.91136,-3436.95558,3450.70068,2255.48487,-3279.46088,2435.31528,2430.5291,-2986.29281,2967.63608,2617.86576,95.33887,2518.26204,2624.50895,-88.47413,2905.0851,3329.68166,-284.2959,2525.57307,3426.58982,-528.64192,2852.879,3918.15621,1306.62614,2512.316,4070.04044,1015.92566,2835.05023,3998.1916,1420.04548,2506.90505,4160.87465,1107.97715,2816.57324,4197.52069,624.92128,2535.289,4357.07406,199.90863
image_004.jpg,not_dab,2310.7619,693.55058,-1383.41726,2330.77591,637.15487,-1222.69975,2357.00572,641.98757,-1222.91059,2384.01587,646.40521,-1222.81742,2253.56077,626.00707,-1305.20404,2219.74152,622.39424,-1304.90993,2185.63545,619.23948,-1304.91764,2374.99386,704.12559,-496.40769,2105.34599,671.99238,-852.29141,2341.09327,788.03168,-1114.73058,2225.70049,774.03928,-1219.49248,2509.61713,1159.64274,-71.65625,1827.96457,1155.70845,-868.73131,2661.01358,1699.19463,-1.10961,1795.36332,1800.59734,-1078.05625,2470.83519,2027.57015,-1010.54512,2195.72173,2097.85642,-1537.24681,2417.67203,2182.14118,-1280.32216,2311.90668,2242.51439,-1746.33806,2336.96556,2120.41641,-1382.11572,2373.44638,2143.24276,-1801.51415,2331.91024,2063.96614,-1069.4485,2339.15493,2094.87601,-1546.17496,2417.63817,2271.35605,242.25486,2021.71975,2303.49917,-236.57716,2364.15765,3069.79168,272.50558,2071.22822,3126.42488,-262.49491,2340.59231,3671.27985,1374.31681,2048.46098,3755.55904,859.35333,2312.55959,3761.80354,1450.62499,2002.6061,3850.48055,931.75167,2418.55917,3918.99448,933.55933,2169.28342,4017.13444,279.82898
image_005.jpg,not_dab,2215.66238,845.93933,-1778.75145,2253.53324,788.56397,-1607.63579,2285.97773,790.42426,-1607.48606,2319.09935,791.92484,-1607.10263,2164.50198,787.98967,-1620.19688,2130.15094,788.26479,-1618.9453,2095.60529,789.16433,-1618.55458,2361.76073,854.01852,-798.92773,2050.49704,852.26476,-821.78464,2282.41388,938.59482,-1487.38162,2152.32253,937.50661,-1496.03878,2619.86637,1342.48454,-437.79735,1825.72648,1388.84512,-644.65068,2750.6292,1939.39754,-482.05986,1795.86594,2069.48882,-812.45641,2690.81123,2377.97844,-1735.7105,1887.93573,2540.27168,-1671.85908,2691.70553,2551.06637,-2064.97238,1885.54281,2708.92937,-1945.41584,2602.76317,2515.67588,-2224.52048,1984.14604,2668.29949,-2116.25541,2573.28702,2451.12722,-1818.48234,2019.24247,2597.63496,-1747.61139,2548.39192,2508.89498,-0.22782,2065.4516,2564.37938,8.35806,2574.07012,3201.85887,-1079.87499,2112.06219,3394.70375,-654.7232,2597.26111,3897.67062,229.76491,2144.87332,4047.19242,846.74978,2589.28012,3992.95262,325.79791,2148.13743,4130.32363,931.41028,2629.74469,4204.80744,-408.98371,2220.51223,4371.74173,119.50074
image_006.jpg,not_dab,1843.57741,781.08591,-1409.59463,1897.95237,715.62506,-1388.14035,1926.4994,711.47274,-1388.42524,1956.10671,706.71891,-1389.01263,1834.23404,728.74678,-1229.298,1815.13855,732.81249,-1228.27901,1795.8402,737.43743,-1227.06445,2052.81303,743.19817,-1091.98818,1842.27408,775.98351,-311.6301,1931.6395,846.87774,-1293.21342,1844.29169,861.28876,-1069.53149,2362.09407,1156.2271,-1012.82684,1783.6079,1216.81081,265.35377,2509.66695,1741.59675,-978.11054,1746.42078,1770.26043,536.75566,2597.18184,2256.0252,-1483.12247,1659.04008,2219.44131,-449.99177,2649.84541,2408.69237,-1650.45214,1635.17829,2370.66402,-599.23986,2592.54656,2413.23699,-1826.98742,1646.99399,2378.9441,-887.71285,2547.13319,2358.94888,-1543.28534,1707.01882,2328.64046,-591.29485,2278.48614,2254.67282,-421.94065,1926.58583,2280.85348,426.21669,2390.98613,3085.34303,-783.02554,2030.72346,3063.34732,580.84069,2441.92441,3800.59315,170.14866,2153.82569,3699.91731,1762.90851,2480.17566,3891.93445,236.34897,2211.69831,3799.08426,1840.02938,2363.63467,4104.70931,-450.78203,2069.91581,3961.18424,1204.40676
image_007.jpg,not_dab,1715.51495,48.6619,-892.33787,1772.48845,-23.27026,-876.64178,1801.30179,-25.99752,-877.179,1831.0543,-29.41379,-877.95591,1708.55212,-15.31082,-764.58708,1688.68757,-13.86542,-764.49081,1668.52314,-11.85151,-765.03678,1919.44174,4.17535,-625.91172,1701.12081,18.84725,-79.03187,1796.40296,122.15527,-784.73486,1708.73696,129.89979,-627.17768,2229.12397,457.71751,-552.63264,1561.09856,498.36061,350.98526,2362.51768,1066.56265,-356.93454,1482.40268,1068.00691,736.75991,2331.48387,1453.17998,-689.74421,1443.38401,1488.72078,103.85645,2339.71094,1580.38986,-872.13586,1439.42338,1634.5098,-59.27085,2275.63106,1545.51317,-1001.92801,1473.48086,1609.38884,-264.41617,2245.54412,1500.45377,-732.65958,1518.44034,1558.14968,2.31665,2063.78851,1597.63045,-326.02321,1706.27137,1630.07966,327.80538,2096.44647,2388.54147,-281.58267,1818.79792,2431.32195,452.53688,2154.31303,3125.55233,351.6747,1967.33406,3104.26254,1292.7876,2197.52492,3209.46442,383.97218,2055.43771,3207.51947,1341.21074,2022.6336,3453.20614,-252.75583,1789.61491,3369.08799,787.66715
image_008.jpg,not_dab,2892.48533,351.05124,-1953.51781,2937.04569,297.36086,-1823.70199,2968.81747,299.33351,-1823.62189,3001.40096,300.80376,-1822.97325,2850.17435,297.10143,-1829.21478,2817.95694,297.70453,-1828.70569,2785.59805,298.72349,-1828.72469,3048.50743,365.06729,-1130.13855,2748.5915,360.53949,-1131.68899,2956.04319,445.37254,-1695.06687,2834.10528,443.12913,-1697.725,3280.87982,870.27208,-737.8923,2522.67519,866.63562,-932.68657,3362.2714,1501.89865,-538.30572,2497.84671,1512.78853,-966.30784,3370.62646,1989.15259,-1320.63865,2621.29824,2009.57707,-1638.96097,3380.12026,2172.7348,-1532.50941,2623.70782,2196.08331,-1882.78655,3319.73581,2143.99266,-1752.97307,2720.67356,2169.38089,-2073.79538,3280.17874,2072.1909,-1409.67583,2755.45524,2098.59992,-1721.59972,3132.90148,2012.83786,24.17382,2676.6059,2015.7557,-18.08723,3103.06695,2868.23188,-391.92517,2674.88144,2871.64525,-482.948,3074.83687,3687.82929,473.55842,2684.98162,3641.449,464.70428,3051.11161,3794.28093,521.49739,2702.82139,3748.14056,497.69715,3089.28029,3992.87498,-216.55802,2673.5382,3943.12716,-348.04145
image_009.jpg,not_dab,2341.18906,855.7061,-1771.18636,2365.72467,800.2917,-1636.30669,2389.94815,806.77435,-1636.25412,2415.06427,812.88526,-1636.44569,2297.48102,785.2655,-1723.43402,2267.62089,778.88422,-1723.40319,2237.72043,773.06954,-1723.71492,2411.21236,862.9334,-937.88654,2170.89283,811.64303,-1296.10978,2368.23994,944.16694,-1505.18355,2264.67842,922.56435,-1610.99183,2503.95213,1354.52353,-396.12765,1897.73657,1236.78001,-1630.8122,2485.78397,1953.81868,-341.48479,1930.52899,1900.26746,-1893.28984,2386.71033,2444.56538,-960.78741,2196.49395,2411.13677,-2082.68045,2378.69823,2612.64082,-1149.56325,2206.64602,2582.77445,-2311.01404,2306.96284,2597.86807,-1320.56433,2305.9411,2569.50563,-2353.17335,2285.19601,2527.06417,-1041.02396,2305.71002,2507.60041,-2091.52781,2264.70168,2390.66853,439.81246,1928.61129,2353.08223,-435.80211,2180.50003,3247.99429,259.81656,2022.19209,3315.37883,-945.30244,1900.71565,3405.87112,1773.66971,1721.17391,3343.49391,865.81988,1862.30694,3388.8051,1931.10881,1647.02908,3293.31167,1049.96532,1840.94818,3625.55449,1923.22277,1701.57278,3583.96224,1096.16736
